OBJECTID,BSM,YSDM,DLBM,DLMC,QSDWDM,QSDWMC,QSXZ,ZLTBBH,MJ,ZLDWDM,ZLDWMC,GDLX,GDPDJ,DLBZ,X,Y
1,231953,2001030100,118,水工建筑用地,530702201201,龙山村民委员会,30,332,20,530702201201,龙山村民委员会,,,,100.363556,26.87995033
2,231954,2001030100,203,村庄,530702201201,龙山村民委员会,30,356,13,530702201201,龙山村民委员会,,,,100.3531945,26.88053384
3,231955,2001030100,203,村庄,530702201201,龙山村民委员会,30,307,13,530702201201,龙山村民委员会,,,,100.3523507,26.88159989
4,231956,2001030100,118,水工建筑用地,530702201201,龙山村民委员会,30,169,13,530702201201,龙山村民委员会,,,,100.3406498,26.8854638
5,231930,2001030100,118,水工建筑用地,530702005202,金山街道办事处新团社区居委会,30,2294,80,530702005202,,,,,100.2919203,26.88261869
6,231923,2001030100,118,水工建筑用地,530702005202,金山街道办事处新团社区居委会,30,1611,120,530702005202,,,,,100.285107,26.87730547
7,231812,2001030100,205,风景名胜及特殊用地,530702005202,金山街道办事处新团社区居委会,30,476,60,530702005202,,,,,100.3021909,26.91158519
8,231820,2001030100,118,水工建筑用地,530702005202,金山街道办事处新团社区居委会,30,1070,30,530702005202,,,,,100.2921761,26.88856504
9,231823,2001030100,118,水工建筑用地,530702005202,金山街道办事处新团社区居委会,30,828,60,530702005202,,,,,100.286083,26.89970526
10,231945,2001030100,203,村庄,530702005202,金山街道办事处新团社区居委会,30,348,20,530702005202,,,,,100.3055819,26.91650649
11,231982,2001030100,118,水工建筑用地,530702202202,新民村民委员会,30,59,28,530702202202,新民村民委员会,,,,100.240343,26.72747959
12,231983,2001030100,118,水工建筑用地,530702202202,新民村民委员会,30,112,28,530702202202,新民村民委员会,,,,100.2413842,26.72652627
13,231984,2001030100,202,建制镇,530702202202,新民村民委员会,20,136,66,530702202202,新民村民委员会,,,,100.2425707,26.72486602
14,231848,2001030100,118,水工建筑用地,530702202204,三义村民委员会,30,708,25,530702202204,三义村民委员会,,,,100.2588674,26.66954665
15,231849,2001030100,118,水工建筑用地,530702202204,三义村民委员会,30,729,25,530702202204,三义村民委员会,,,,100.2573893,26.66952524
16,231850,2001030100,118,水工建筑用地,530702202204,三义村民委员会,30,750,25,530702202204,三义村民委员会,,,,100.2580825,26.66798444
17,231851,2001030100,118,水工建筑用地,530702202204,三义村民委员会,30,765,25,530702202204,三义村民委员会,,,,100.2578055,26.66722818
18,232130,2001030100,118,水工建筑用地,530702201201,龙山村民委员会,30,650,13,530702201201,龙山村民委员会,,,,100.341906,26.87093204
19,232131,2001030100,118,水工建筑用地,530702201201,龙山村民委员会,30,748,13,530702201201,龙山村民委员会,,,,100.3450282,26.86713638
20,232213,2001030100,118,水工建筑用地,530702202206,忠义村民委员会,30,194,70,530702202206,忠义村民委员会,,,,100.3377609,26.72562923
21,231853,2001030100,205,风景名胜及特殊用地,530702202204,三义村民委员会,30,919,16,530702202204,,,,,100.250982,26.67073798
22,232164,2001030100,118,水工建筑用地,530702202203,七河村民委员会,30,840,100,530702202203,,,,,100.2579684,26.71813869
23,232165,2001030100,205,风景名胜及特殊用地,530702202203,七河村民委员会,30,824,40,530702202203,,,,,100.2604575,26.71138208
24,232214,2001030100,118,水工建筑用地,530702202206,忠义村民委员会,30,101,70,530702202206,忠义村民委员会,,,,100.3614315,26.73226268
25,232215,2001030100,118,水工建筑用地,530702202206,忠义村民委员会,30,117,60,530702202206,忠义村民委员会,,,,100.3621425,26.7322646
26,232217,2001030100,202,建制镇,530702202201,共和村民委员会,20,267,28,530702202201,共和村民委员会,,,,100.2737385,26.76168908
27,232219,2001030100,118,水工建筑用地,530702202201,共和村民委员会,30,574,28,530702202201,共和村民委员会,,,,100.2723916,26.75090006
28,232220,2001030100,118,水工建筑用地,530702202201,共和村民委员会,30,35,16,530702202201,共和村民委员会,,,,100.2561296,26.77403891
29,232230,2001030100,202,建制镇,530702201205,增明村民委员会,10,418,320,530702201205,增明村民委员会,,,,100.4170918,26.80227878
30,231814,2001030100,118,水工建筑用地,530702005202,金山街道办事处新团社区居委会,30,573,50,530702005202,,,,,100.2864929,26.90875959
31,231987,2001030100,205,风景名胜及特殊用地,530702006201,开南街道办事处漾西社区居委会,30,2909,33,530702006201,,,,,100.2667393,26.79563784
32,232269,2001030100,202,建制镇,530702006201,开南街道办事处漾西社区居委会,10,3332,320,530702006201,,,,,100.2803119,26.7858145
33,232270,2001030100,202,建制镇,530702006201,开南街道办事处漾西社区居委会,10,3226,320,530702006201,,,,,100.278414,26.78850187
34,232271,2001030100,202,建制镇,530702006201,开南街道办事处漾西社区居委会,10,3022,320,530702006201,,,,,100.2752859,26.79267713
35,232238,2001030100,202,建制镇,530702202208,羊见村民委员会,10,15,320,530702202208,羊见村民委员会,,,,100.3864924,26.79030485
36,232239,2001030100,202,建制镇,530702202208,羊见村民委员会,10,47,320,530702202208,羊见村民委员会,,,,100.3824033,26.78891276
37,232240,2001030100,202,建制镇,530702201207,光乐村民委员会,10,381,320,530702201207,光乐村民委员会,,,,100.3765776,26.78685125
38,232241,2001030100,202,建制镇,530702201207,光乐村民委员会,10,382,320,530702201207,光乐村民委员会,,,,100.375374,26.78628116
39,232242,2001030100,202,建制镇,530702202208,羊见村民委员会,10,116,320,530702202208,羊见村民委员会,,,,100.3682817,26.78253103
40,232245,2001030100,202,建制镇,530702202208,羊见村民委员会,10,181,320,530702202208,羊见村民委员会,,,,100.3612887,26.77870498
41,232246,2001030100,202,建制镇,530702202208,羊见村民委员会,10,227,320,530702202208,羊见村民委员会,,,,100.3552267,26.7762719
42,232247,2001030100,202,建制镇,530702202208,羊见村民委员会,10,252,320,530702202208,羊见村民委员会,,,,100.3506641,26.77412261
43,232251,2001030100,202,建制镇,530702202207,龙潭村民委员会,10,8,320,530702202207,龙潭村民委员会,,,,100.335329,26.76740594
44,232252,2001030100,202,建制镇,530702202207,龙潭村民委员会,10,8,320,530702202207,龙潭村民委员会,,,,100.333447,26.76705072
45,232253,2001030100,202,建制镇,530702202207,龙潭村民委员会,10,7,320,530702202207,龙潭村民委员会,,,,100.324177,26.76588455
46,232254,2001030100,202,建制镇,530702202207,龙潭村民委员会,10,7,320,530702202207,龙潭村民委员会,,,,100.3189859,26.76535116
47,232255,2001030100,202,建制镇,530702202207,龙潭村民委员会,10,7,320,530702202207,龙潭村民委员会,,,,100.3171081,26.7653537
48,232256,2001030100,202,建制镇,530702202207,龙潭村民委员会,10,9,320,530702202207,龙潭村民委员会,,,,100.312547,26.76612695
49,232132,2001030100,118,水工建筑用地,530702201201,龙山村民委员会,30,832,13,530702201201,龙山村民委员会,,,,100.353685,26.86066515
50,232133,2001030100,118,水工建筑用地,530702201201,龙山村民委员会,30,821,13,530702201201,龙山村民委员会,,,,100.3639793,26.86212704
51,232134,2001030100,118,水工建筑用地,530702201201,龙山村民委员会,30,851,13,530702201201,龙山村民委员会,,,,100.3656354,26.86007458
52,232135,2001030100,202,建制镇,530702201201,龙山村民委员会,20,679,33,530702201201,龙山村民委员会,,,,100.3688113,26.86842351
53,232136,2001030100,118,水工建筑用地,530702201201,龙山村民委员会,30,452,13,530702201201,龙山村民委员会,,,,100.3624022,26.87423113
54,232137,2001030100,118,水工建筑用地,530702201201,龙山村民委员会,30,610,13,530702201201,龙山村民委员会,,,,100.3660101,26.87232142
55,232143,2001030100,205,风景名胜及特殊用地,530702202201,共和村民委员会,30,856,20,530702202201,共和村民委员会,,,,100.2673369,26.74333173
56,232144,2001030100,205,风景名胜及特殊用地,530702202201,共和村民委员会,30,875,50,530702202201,共和村民委员会,,,,100.274254,26.7423157
57,232145,2001030100,118,水工建筑用地,530702202201,共和村民委员会,30,863,40,530702202201,共和村民委员会,,,,100.2725065,26.74331187
58,232146,2001030100,118,水工建筑用地,530702202201,共和村民委员会,30,1144,20,530702202201,共和村民委员会,,,,100.2745867,26.7368078
59,232147,2001030100,118,水工建筑用地,530702202201,共和村民委员会,30,1183,20,530702202201,共和村民委员会,,,,100.2744061,26.73452915
60,232148,2001030100,118,水工建筑用地,530702202201,共和村民委员会,30,1293,20,530702202201,共和村民委员会,,,,100.2751897,26.73268522
61,232151,2001030100,118,水工建筑用地,530702202201,共和村民委员会,30,1417,20,530702202201,共和村民委员会,,,,100.2669402,26.72891763
62,232153,2001030100,118,水工建筑用地,530702202201,共和村民委员会,30,1466,20,530702202201,共和村民委员会,,,,100.2642398,26.72781395
63,232156,2001030100,118,水工建筑用地,530702202201,共和村民委员会,30,1621,20,530702202201,共和村民委员会,,,,100.266788,26.72114336
64,232157,2001030100,118,水工建筑用地,530702202201,共和村民委员会,30,1628,20,530702202201,共和村民委员会,,,,100.2683692,26.72067418
65,232158,2001030100,118,水工建筑用地,530702202201,共和村民委员会,30,1609,100,530702202201,共和村民委员会,,,,100.2629774,26.72123667
66,232160,2001030100,118,水工建筑用地,530702202203,七河村民委员会,30,71,20,530702202203,七河村民委员会,,,,100.26533,26.71880191
67,232163,2001030100,118,水工建筑用地,530702202203,七河村民委员会,30,162,100,530702202203,七河村民委员会,,,,100.2527577,26.71585631
68,232170,2001030100,205,风景名胜及特殊用地,530702202202,新民村民委员会,30,193,20,530702202202,新民村民委员会,,,,100.252577,26.72195689
69,232172,2001030100,118,水工建筑用地,530702202203,七河村民委员会,30,641,60,530702202203,七河村民委员会,,,,100.2650709,26.69973769
70,232173,2001030100,118,水工建筑用地,530702202203,七河村民委员会,30,690,60,530702202203,七河村民委员会,,,,100.2674618,26.69765667
71,232174,2001030100,205,风景名胜及特殊用地,530702202203,七河村民委员会,30,641,50,530702202203,七河村民委员会,,,,100.2654615,26.69997426
72,232175,2001030100,118,水工建筑用地,530702202204,三义村民委员会,30,376,35,530702202204,三义村民委员会,,,,100.25797,26.68454997
73,232176,2001030100,118,水工建筑用地,530702202204,三义村民委员会,30,391,35,530702202204,三义村民委员会,,,,100.2584126,26.68344198
74,232177,2001030100,118,水工建筑用地,530702202204,三义村民委员会,30,409,35,530702202204,三义村民委员会,,,,100.25849,26.6826574
75,232178,2001030100,118,水工建筑用地,530702202204,三义村民委员会,30,428,35,530702202204,三义村民委员会,,,,100.2601362,26.6814725
76,232179,2001030100,118,水工建筑用地,530702202204,三义村民委员会,30,399,35,530702202204,三义村民委员会,,,,100.2612114,26.6831301
77,232180,2001030100,118,水工建筑用地,530702202204,三义村民委员会,30,380,35,530702202204,三义村民委员会,,,,100.2623168,26.68306508
78,232181,2001030100,118,水工建筑用地,530702202204,三义村民委员会,30,410,35,530702202204,三义村民委员会,,,,100.2617912,26.68220858
79,232182,2001030100,118,水工建筑用地,530702202204,三义村民委员会,30,438,25,530702202204,三义村民委员会,,,,100.2631066,26.68112595
80,232185,2001030100,118,水工建筑用地,530702202203,七河村民委员会,30,411,28,530702202203,七河村民委员会,,,,100.2507673,26.70729825
81,232186,2001030100,118,水工建筑用地,530702202203,七河村民委员会,30,543,28,530702202203,七河村民委员会,,,,100.2499051,26.70501619
82,232187,2001030100,118,水工建筑用地,530702202203,七河村民委员会,30,535,16,530702202203,七河村民委员会,,,,100.246691,26.70364148
83,232191,2001030100,118,水工建筑用地,530702202210,后山村民委员会,30,477,28,530702202210,后山村民委员会,,,,100.1474062,26.6651737
84,232193,2001030100,118,水工建筑用地,530702202207,龙潭村民委员会,30,379,66,530702202207,龙潭村民委员会,,,,100.3306216,26.74677119
85,232194,2001030100,118,水工建筑用地,530702202207,龙潭村民委员会,30,488,66,530702202207,龙潭村民委员会,,,,100.3257831,26.74221109
86,232195,2001030100,118,水工建筑用地,530702202207,龙潭村民委员会,30,486,66,530702202207,龙潭村民委员会,,,,100.3301904,26.74197326
87,232196,2001030100,118,水工建筑用地,530702202207,龙潭村民委员会,30,571,66,530702202207,龙潭村民委员会,,,,100.3233115,26.7380921
88,232197,2001030100,118,水工建筑用地,530702202207,龙潭村民委员会,30,587,66,530702202207,龙潭村民委员会,,,,100.3210663,26.73596477
89,232198,2001030100,118,水工建筑用地,530702202207,龙潭村民委员会,30,594,66,530702202207,龙潭村民委员会,,,,100.3233802,26.73187134
90,232199,2001030100,118,水工建筑用地,530702202207,龙潭村民委员会,30,347,66,530702202207,龙潭村民委员会,,,,100.3377474,26.74896473
91,232200,2001030100,118,水工建筑用地,530702202207,龙潭村民委员会,30,387,66,530702202207,龙潭村民委员会,,,,100.3419321,26.74707181
92,232201,2001030100,118,水工建筑用地,530702202207,龙潭村民委员会,30,387,66,530702202207,龙潭村民委员会,,,,100.341961,26.74686093
93,232202,2001030100,118,水工建筑用地,530702202207,龙潭村民委员会,30,447,66,530702202207,龙潭村民委员会,,,,100.3422912,26.74302466
94,232203,2001030100,118,水工建筑用地,530702202207,龙潭村民委员会,30,523,66,530702202207,龙潭村民委员会,,,,100.3218262,26.74028878
95,232204,2001030100,118,水工建筑用地,530702202206,忠义村民委员会,30,125,100,530702202206,忠义村民委员会,,,,100.3335959,26.72960718
96,232205,2001030100,118,水工建筑用地,530702202206,忠义村民委员会,30,128,40,530702202206,忠义村民委员会,,,,100.3353396,26.72965883
97,232206,2001030100,118,水工建筑用地,530702202206,忠义村民委员会,30,153,40,530702202206,忠义村民委员会,,,,100.337454,26.73008126
98,232207,2001030100,118,水工建筑用地,530702202206,忠义村民委员会,30,98,40,530702202206,忠义村民委员会,,,,100.3370642,26.73130988
99,232208,2001030100,118,水工建筑用地,530702202206,忠义村民委员会,30,98,100,530702202206,忠义村民委员会,,,,100.3382059,26.73173011
100,232209,2001030100,118,水工建筑用地,530702202206,忠义村民委员会,30,225,30,530702202206,忠义村民委员会,,,,100.3360559,26.72325971
101,232210,2001030100,118,水工建筑用地,530702202206,忠义村民委员会,30,281,30,530702202206,忠义村民委员会,,,,100.3345375,26.72116293
102,232211,2001030100,118,水工建筑用地,530702202206,忠义村民委员会,30,204,30,530702202206,忠义村民委员会,,,,100.3335861,26.72436807
103,232212,2001030100,118,水工建筑用地,530702202206,忠义村民委员会,30,286,25,530702202206,忠义村民委员会,,,,100.33903,26.72019333
104,231934,2001030100,205,风景名胜及特殊用地,530702205203,江边村民委员会,30,389,15,530702205203,江边村民委员会,,,,100.4036404,26.58328097
105,231938,2001030100,118,水工建筑用地,530702205204,金江村民委员会,30,346,4,530702205204,金江村民委员会,,,,100.4027802,26.64567035
106,231939,2001030100,118,水工建筑用地,530702205201,产构村民委员会,30,63,9,530702205201,产构村民委员会,,,,100.331069,26.64489394
107,231940,2001030100,118,水工建筑用地,530702205201,产构村民委员会,30,48,9,530702205201,产构村民委员会,,,,100.3307953,26.64460974
108,231941,2001030100,118,水工建筑用地,530702205201,产构村民委员会,30,41,16,530702205201,产构村民委员会,,,,100.3290759,26.64356177
109,231942,2001030100,118,水工建筑用地,530702205205,普勤村民委员会,30,139,40,530702205205,普勤村民委员会,,,,100.3743165,26.67007761
110,231943,2001030100,118,水工建筑用地,530702004204,开文社区居委会,30,101,33,530702004204,开文社区居委会,,,,100.3019035,27.01145128
111,231944,2001030100,118,水工建筑用地,530702004204,开文社区居委会,30,101,20,530702004204,开文社区居委会,,,,100.3037271,27.01176667
112,232085,2001030100,203,村庄,530702201207,光乐村民委员会,30,391,30,530702201207,,,,,100.3417336,26.8136729
113,232168,2001030100,205,风景名胜及特殊用地,530702202201,共和村民委员会,30,1743,20,530702202201,,,,,100.2610335,26.73355532
114,232162,2001030100,118,水工建筑用地,530702202203,七河村民委员会,30,840,20,530702202203,,,,,100.2581247,26.71725686
115,231894,2001030100,203,村庄,530702203201,大东村民委员会,30,76,7,530702203201,大东村民委员会,,,,100.4228038,27.16715589
116,231895,2001030100,118,水工建筑用地,530702203201,大东村民委员会,30,43,67,530702203201,大东村民委员会,,,,100.4240311,27.16757956
117,231897,2001030100,114,坑塘水面,530702203203,白水村民委员会,30,921,7,530702203203,白水村民委员会,,,,100.4285439,27.17540077
118,231898,2001030100,118,水工建筑用地,530702203203,白水村民委员会,30,558,7,530702203203,白水村民委员会,,,,100.4284118,27.1868515
119,231899,2001030100,118,水工建筑用地,530702203203,白水村民委员会,30,560,7,530702203203,白水村民委员会,,,,100.4124222,27.18647182
120,231900,2001030100,118,水工建筑用地,530702203203,白水村民委员会,30,395,7,530702203203,白水村民委员会,,,,100.4074849,27.19139649
121,231902,2001030100,118,水工建筑用地,530702203202,建新村民委员会,30,253,7,530702203202,建新村民委员会,,,,100.4183369,27.10938762
122,231904,2001030100,203,村庄,530702203202,建新村民委员会,30,1210,13,530702203202,建新村民委员会,,,,100.4134655,27.05158336
123,231905,2001030100,118,水工建筑用地,530702203202,建新村民委员会,30,1223,13,530702203202,建新村民委员会,,,,100.4135351,27.05072357
124,231906,2001030100,118,水工建筑用地,530702203202,建新村民委员会,30,1013,7,530702203202,建新村民委员会,,,,100.4376514,27.07232224
125,232272,2001030100,202,建制镇,530702006201,开南街道办事处漾西社区居委会,10,2969,320,530702006201,,,,,100.2736902,26.79416832
126,232273,2001030100,202,建制镇,530702006201,开南街道办事处漾西社区居委会,10,2830,320,530702006201,,,,,100.2714815,26.79629247
127,232274,2001030100,202,建制镇,530702006201,开南街道办事处漾西社区居委会,10,2667,320,530702006201,,,,,100.2691812,26.79848682
128,232275,2001030100,202,建制镇,530702006201,开南街道办事处漾西社区居委会,10,2691,320,530702006201,,,,,100.266834,26.80085663
129,232276,2001030100,202,建制镇,530702006201,开南街道办事处漾西社区居委会,10,2383,320,530702006201,,,,,100.2643889,26.80319809
130,232277,2001030100,202,建制镇,530702006201,开南街道办事处漾西社区居委会,10,2383,320,530702006201,,,,,100.2633983,26.80476793
131,232278,2001030100,202,建制镇,530702006201,开南街道办事处漾西社区居委会,10,2107,320,530702006201,,,,,100.2626335,26.80617527
132,231907,2001030100,202,建制镇,530702203201,大东村民委员会,20,206,67,530702203201,大东村民委员会,,,,100.3909648,27.16192821
133,231908,2001030100,203,村庄,530702203201,大东村民委员会,30,355,67,530702203201,大东村民委员会,,,,100.3946911,27.15435949
134,231909,2001030100,203,村庄,530702203201,大东村民委员会,30,337,67,530702203201,大东村民委员会,,,,100.4131151,27.15611511
135,231911,2001030100,203,村庄,530702203201,大东村民委员会,30,1055,67,530702203201,大东村民委员会,,,,100.4005078,27.13981007
136,231912,2001030100,118,水工建筑用地,530702203201,大东村民委员会,30,1180,13,530702203201,大东村民委员会,,,,100.4023854,27.13714549
137,231913,2001030100,118,水工建筑用地,530702203201,大东村民委员会,30,1144,13,530702203201,大东村民委员会,,,,100.4075185,27.1372188
138,231914,2001030100,118,水工建筑用地,530702203201,大东村民委员会,30,1256,13,530702203201,大东村民委员会,,,,100.4123936,27.1341338
139,231915,2001030100,118,水工建筑用地,530702203201,大东村民委员会,30,1285,13,530702203201,大东村民委员会,,,,100.4126332,27.13336196
140,231916,2001030100,118,水工建筑用地,530702203201,大东村民委员会,30,1430,13,530702203201,大东村民委员会,,,,100.416049,27.12849295
141,231917,2001030100,118,水工建筑用地,530702203201,大东村民委员会,30,947,13,530702203201,大东村民委员会,,,,100.4174146,27.14228208
142,231918,2001030100,118,水工建筑用地,530702203201,大东村民委员会,30,975,13,530702203201,大东村民委员会,,,,100.4199263,27.14139629
143,231919,2001030100,118,水工建筑用地,530702203201,大东村民委员会,30,1116,13,530702203201,大东村民委员会,,,,100.4121147,27.13877504
144,231920,2001030100,118,水工建筑用地,530702203201,大东村民委员会,30,1179,13,530702203201,大东村民委员会,,,,100.4187252,27.13771916
145,231921,2001030100,118,水工建筑用地,530702203201,大东村民委员会,30,1223,13,530702203201,大东村民委员会,,,,100.4216861,27.13484238
146,231922,2001030100,118,水工建筑用地,530702203201,大东村民委员会,30,132,67,530702203201,大东村民委员会,,,,100.4257212,27.16578552
147,231924,2001030100,118,水工建筑用地,530702202206,忠义村民委员会,30,150,30,530702202206,忠义村民委员会,,,,100.3568237,26.72680916
148,231925,2001030100,118,水工建筑用地,530702202209,前山村民委员会,30,311,100,530702202209,前山村民委员会,,,,100.208122,26.71791748
149,231926,2001030100,118,水工建筑用地,530702205204,金江村民委员会,30,109,30,530702205204,金江村民委员会,,,,100.3904394,26.68295573
150,231993,2001030100,202,建制镇,530702004202,龙泉社区居委会,20,71,64,530702004202,龙泉社区居委会,,,,100.2290559,26.93154579
151,232006,2001030100,118,水工建筑用地,530702002201,祥云社区居委会,30,372,100,530702002201,祥云社区居委会,,,,100.2348057,26.84605754
152,232279,2001030100,202,建制镇,530702006201,开南街道办事处漾西社区居委会,10,1960,320,530702006201,,,,,100.2615658,26.80812509
153,232280,2001030100,202,建制镇,530702006201,开南街道办事处漾西社区居委会,10,1680,320,530702006201,,,,,100.260925,26.81192388
154,232281,2001030100,202,建制镇,530702006201,开南街道办事处漾西社区居委会,10,1451,320,530702006201,,,,,100.2606864,26.81681324
155,232282,2001030100,202,建制镇,530702006201,开南街道办事处漾西社区居委会,10,1265,320,530702006201,,,,,100.260528,26.81866743
156,231986,2001030100,205,风景名胜及特殊用地,530702006202,开南街道办事处贵峰社区居委会,30,469,13,530702006202,,,,,100.3033186,26.80839748
157,232221,2001030100,202,建制镇,530702006202,开南街道办事处贵峰社区居委会,20,1514,66,530702006202,,,,,100.3052911,26.76604071
158,232222,2001030100,202,建制镇,530702006202,开南街道办事处贵峰社区居委会,20,1408,66,530702006202,,,,,100.3043952,26.76758266
159,232223,2001030100,202,建制镇,530702006202,开南街道办事处贵峰社区居委会,20,1408,66,530702006202,,,,,100.3022539,26.77065595
160,232224,2001030100,202,建制镇,530702006202,开南街道办事处贵峰社区居委会,20,1408,66,530702006202,,,,,100.3015173,26.77276799
161,232225,2001030100,202,建制镇,530702006202,开南街道办事处贵峰社区居委会,20,1479,66,530702006202,,,,,100.2982627,26.77458068
162,232257,2001030100,202,建制镇,530702006202,开南街道办事处贵峰社区居委会,10,1514,320,530702006202,,,,,100.3077019,26.76678334
163,232258,2001030100,202,建制镇,530702006202,开南街道办事处贵峰社区居委会,10,1514,320,530702006202,,,,,100.3054796,26.76717676
164,232259,2001030100,202,建制镇,530702006202,开南街道办事处贵峰社区居委会,10,1408,320,530702006202,,,,,100.3049328,26.76877796
165,232260,2001030100,202,建制镇,530702006202,开南街道办事处贵峰社区居委会,10,1408,320,530702006202,,,,,100.3041019,26.7702326
166,231874,2001030100,205,风景名胜及特殊用地,530702006202,开南街道办事处贵峰社区居委会,30,1540,66,530702006202,,,,,100.2874181,26.77246159
167,232261,2001030100,202,建制镇,530702006202,开南街道办事处贵峰社区居委会,10,1408,320,530702006202,,,,,100.3018366,26.77416179
168,232262,2001030100,202,建制镇,530702006202,开南街道办事处贵峰社区居委会,10,1408,320,530702006202,,,,,100.3012335,26.77519664
169,232007,2001030100,203,村庄,530702002201,祥云社区居委会,30,416,50,530702002201,祥云社区居委会,,,,100.2346831,26.84527375
170,232008,2001030100,203,村庄,530702002201,祥云社区居委会,30,412,100,530702002201,祥云社区居委会,,,,100.2355381,26.8444155
171,232009,2001030100,118,水工建筑用地,530702205205,普勤村民委员会,30,39,50,530702205205,普勤村民委员会,,,,100.3831168,26.71311729
172,232011,2001030100,118,水工建筑用地,530702205205,普勤村民委员会,30,93,50,530702205205,普勤村民委员会,,,,100.3764417,26.69137688
173,232012,2001030100,118,水工建筑用地,530702202206,忠义村民委员会,30,632,67,530702202206,忠义村民委员会,,,,100.3245071,26.69211817
174,232013,2001030100,118,水工建筑用地,530702205205,普勤村民委员会,30,158,30,530702205205,普勤村民委员会,,,,100.3776239,26.66845187
175,231856,2001030100,118,水工建筑用地,530702202204,三义村民委员会,30,462,25,530702202204,三义村民委员会,,,,100.2553129,26.67999778
176,231858,2001030100,118,水工建筑用地,530702202204,三义村民委员会,30,590,25,530702202204,三义村民委员会,,,,100.2532512,26.67607112
177,231859,2001030100,118,水工建筑用地,530702202205,五峰村民委员会,30,528,80,530702202205,五峰村民委员会,,,,100.2538784,26.64992581
178,231860,2001030100,205,风景名胜及特殊用地,530702202205,五峰村民委员会,30,509,100,530702202205,五峰村民委员会,,,,100.2565107,26.65105523
179,231861,2001030100,203,村庄,530702202205,五峰村民委员会,30,542,30,530702202205,五峰村民委员会,,,,100.259712,26.65153486
180,231862,2001030100,203,村庄,530702202205,五峰村民委员会,30,542,40,530702202205,五峰村民委员会,,,,100.259235,26.65065994
181,231863,2001030100,205,风景名胜及特殊用地,530702202205,五峰村民委员会,30,396,30,530702202205,五峰村民委员会,,,,100.2568895,26.65576962
182,231864,2001030100,205,风景名胜及特殊用地,530702202205,五峰村民委员会,30,99,20,530702202205,五峰村民委员会,,,,100.2520792,26.66339632
183,231865,2001030100,118,水工建筑用地,530702202205,五峰村民委员会,30,122,8,530702202205,五峰村民委员会,,,,100.2511415,26.66248924
184,231866,2001030100,118,水工建筑用地,530702202205,五峰村民委员会,30,265,80,530702202205,五峰村民委员会,,,,100.2552743,26.65944526
185,231867,2001030100,118,水工建筑用地,530702202205,五峰村民委员会,30,179,80,530702202205,五峰村民委员会,,,,100.2580264,26.66157852
186,231868,2001030100,118,水工建筑用地,530702202204,三义村民委员会,30,801,16,530702202204,三义村民委员会,,,,100.2549272,26.6643029
187,231869,2001030100,118,水工建筑用地,530702202204,三义村民委员会,30,779,20,530702202204,三义村民委员会,,,,100.2585184,26.66662488
188,231876,2001030100,118,水工建筑用地,530702202207,龙潭村民委员会,30,107,28,530702202207,龙潭村民委员会,,,,100.3197184,26.75839473
189,232263,2001030100,202,建制镇,530702006202,开南街道办事处贵峰社区居委会,10,1408,320,530702006202,,,,,100.2997455,26.77588157
190,232264,2001030100,202,建制镇,530702006202,开南街道办事处贵峰社区居委会,10,1479,320,530702006202,,,,,100.2980264,26.77670287
191,232265,2001030100,202,建制镇,530702006202,开南街道办事处贵峰社区居委会,10,1479,320,530702006202,,,,,100.2965039,26.77728367
192,232266,2001030100,202,建制镇,530702006202,开南街道办事处贵峰社区居委会,10,1428,320,530702006202,,,,,100.2918595,26.7795637
193,232267,2001030100,202,建制镇,530702006202,开南街道办事处贵峰社区居委会,10,1374,320,530702006202,,,,,100.2878519,26.78085324
194,232268,2001030100,202,建制镇,530702006202,开南街道办事处贵峰社区居委会,10,1339,320,530702006202,,,,,100.2829251,26.7831803
195,231880,2001030100,118,水工建筑用地,530702202207,龙潭村民委员会,30,35,28,530702202207,龙潭村民委员会,,,,100.3249722,26.76076525
196,231881,2001030100,118,水工建筑用地,530702202207,龙潭村民委员会,30,136,28,530702202207,龙潭村民委员会,,,,100.3259075,26.75754802
197,231882,2001030100,118,水工建筑用地,530702202207,龙潭村民委员会,30,35,66,530702202207,龙潭村民委员会,,,,100.3246512,26.7603685
198,231883,2001030100,118,水工建筑用地,530702202207,龙潭村民委员会,30,8,66,530702202207,龙潭村民委员会,,,,100.3291929,26.76221524
199,231884,2001030100,118,水工建筑用地,530702202207,龙潭村民委员会,30,43,28,530702202207,龙潭村民委员会,,,,100.3281825,26.7614252
200,231885,2001030100,118,水工建筑用地,530702202207,龙潭村民委员会,30,232,28,530702202207,龙潭村民委员会,,,,100.3340231,26.7538407
201,231887,2001030100,118,水工建筑用地,530702202207,龙潭村民委员会,30,239,28,530702202207,龙潭村民委员会,,,,100.3410102,26.75389859
202,231889,2001030100,118,水工建筑用地,530702202201,共和村民委员会,30,443,66,530702202201,共和村民委员会,,,,100.2624083,26.75080336
203,231890,2001030100,118,水工建筑用地,530702203203,白水村民委员会,30,337,7,530702203203,白水村民委员会,,,,100.3846692,27.193157
204,231891,2001030100,118,水工建筑用地,530702203203,白水村民委员会,30,456,7,530702203203,白水村民委员会,,,,100.3859479,27.19227404
205,231931,2001030100,118,水工建筑用地,530702205202,罗玄村民委员会,30,261,30,530702205202,罗玄村民委员会,,,,100.3843311,26.57843945
206,231990,2001030100,43,其他草地,530702006202,开南街道办事处贵峰社区居委会,30,1047,67,530702006202,,,,,100.2888868,26.79348821
207,231870,2001030100,202,建制镇,530702006202,开南街道办事处贵峰社区居委会,20,1479,66,530702006202,,,,,100.296667,26.77548671
208,231871,2001030100,202,建制镇,530702006202,开南街道办事处贵峰社区居委会,20,1475,66,530702006202,,,,,100.292749,26.7773417
209,231872,2001030100,202,建制镇,530702006202,开南街道办事处贵峰社区居委会,20,1428,66,530702006202,,,,,100.2902164,26.77900494
210,231873,2001030100,202,建制镇,530702006202,开南街道办事处贵峰社区居委会,20,1368,66,530702006202,,,,,100.2873553,26.78059375
211,231932,2001030100,205,风景名胜及特殊用地,530702205202,罗玄村民委员会,30,294,15,530702205202,罗玄村民委员会,,,,100.3836021,26.57791179
212,231933,2001030100,118,水工建筑用地,530702205203,江边村民委员会,30,417,30,530702205203,江边村民委员会,,,,100.4016839,26.58190685
213,232019,2001030100,203,村庄,530702205201,产构村民委员会,30,77,40,530702205201,产构村民委员会,,,,100.3840382,26.64318364
214,232020,2001030100,118,水工建筑用地,530702205201,产构村民委员会,30,68,100,530702205201,产构村民委员会,,,,100.3845194,26.64317896
215,232023,2001030100,205,风景名胜及特殊用地,530702205201,产构村民委员会,30,389,16,530702205201,产构村民委员会,,,,100.3440147,26.61159309
216,232024,2001030100,118,水工建筑用地,530702205201,产构村民委员会,30,403,20,530702205201,产构村民委员会,,,,100.3440567,26.61080265
217,232025,2001030100,203,村庄,530702205201,产构村民委员会,30,452,20,530702205201,产构村民委员会,,,,100.3458378,26.60765228
218,232026,2001030100,205,风景名胜及特殊用地,530702205202,罗玄村民委员会,30,45,20,530702205202,罗玄村民委员会,,,,100.4007137,26.60458199
219,232028,2001030100,202,建制镇,530702202206,忠义村民委员会,20,794,67,530702202206,忠义村民委员会,,,,100.3203902,26.68313983
220,232030,2001030100,205,风景名胜及特殊用地,530702205201,产构村民委员会,30,392,16,530702205201,产构村民委员会,,,,100.3426148,26.61131945
221,232035,2001030100,118,水工建筑用地,530702201205,增明村民委员会,30,214,16,530702201205,增明村民委员会,,,,100.4321833,26.81351397
222,232036,2001030100,118,水工建筑用地,530702201205,增明村民委员会,30,214,16,530702201205,增明村民委员会,,,,100.4315675,26.81310554
223,232037,2001030100,118,水工建筑用地,530702201205,增明村民委员会,30,273,16,530702201205,增明村民委员会,,,,100.4340463,26.81181187
224,232038,2001030100,118,水工建筑用地,530702201205,增明村民委员会,30,277,16,530702201205,增明村民委员会,,,,100.4333564,26.81020625
225,232040,2001030100,202,建制镇,530702201205,增明村民委员会,20,345,30,530702201205,增明村民委员会,,,,100.4333767,26.80774984
226,232050,2001030100,118,水工建筑用地,530702201206,义新村民委员会,30,133,10,530702201206,义新村民委员会,,,,100.3862028,26.82215442
227,232051,2001030100,118,水工建筑用地,530702201206,义新村民委员会,30,145,16,530702201206,义新村民委员会,,,,100.3849938,26.82029589
228,232052,2001030100,118,水工建筑用地,530702201206,义新村民委员会,30,152,16,530702201206,义新村民委员会,,,,100.3837326,26.81971518
229,232053,2001030100,118,水工建筑用地,530702201206,义新村民委员会,30,153,16,530702201206,义新村民委员会,,,,100.3829583,26.81945664
230,232127,2001030100,118,水工建筑用地,530702201201,龙山村民委员会,30,913,13,530702201201,龙山村民委员会,,,,100.355251,26.85576577
231,232084,2001030100,203,村庄,530702201205,增明村民委员会,30,457,10,530702201205,增明村民委员会,,,,100.4207334,26.80043562
232,232086,2001030100,203,村庄,530702201207,光乐村民委员会,30,99,20,530702201207,光乐村民委员会,,,,100.364227,26.81030888
233,232087,2001030100,203,村庄,530702201207,光乐村民委员会,30,82,20,530702201207,光乐村民委员会,,,,100.3639705,26.81084772
234,232088,2001030100,205,风景名胜及特殊用地,530702201207,光乐村民委员会,30,168,12,530702201207,光乐村民委员会,,,,100.3667831,26.80568434
235,232089,2001030100,118,水工建筑用地,530702201207,光乐村民委员会,30,163,16,530702201207,光乐村民委员会,,,,100.3677772,26.80466074
236,232090,2001030100,118,水工建筑用地,530702201207,光乐村民委员会,30,163,16,530702201207,光乐村民委员会,,,,100.3681817,26.80541841
237,232091,2001030100,202,建制镇,530702201207,光乐村民委员会,20,222,10,530702201207,光乐村民委员会,,,,100.3700846,26.80241173
238,232092,2001030100,118,水工建筑用地,530702201207,光乐村民委员会,30,243,20,530702201207,光乐村民委员会,,,,100.3657327,26.79940964
239,232093,2001030100,118,水工建筑用地,530702201207,光乐村民委员会,30,327,20,530702201207,光乐村民委员会,,,,100.3709963,26.79597076
240,232094,2001030100,118,水工建筑用地,530702201207,光乐村民委员会,30,320,20,530702201207,光乐村民委员会,,,,100.3702432,26.79596132
241,232095,2001030100,118,水工建筑用地,530702201207,光乐村民委员会,30,300,20,530702201207,光乐村民委员会,,,,100.3717256,26.79696914
242,232096,2001030100,118,水工建筑用地,530702201207,光乐村民委员会,30,308,20,530702201207,光乐村民委员会,,,,100.3737876,26.7963904
243,232097,2001030100,118,水工建筑用地,530702201207,光乐村民委员会,30,120,16,530702201207,光乐村民委员会,,,,100.3676729,26.80799235
244,232098,2001030100,118,水工建筑用地,530702201207,光乐村民委员会,30,115,16,530702201207,光乐村民委员会,,,,100.3685607,26.80840546
245,232099,2001030100,118,水工建筑用地,530702201207,光乐村民委员会,30,115,16,530702201207,光乐村民委员会,,,,100.3695789,26.80819969
246,232100,2001030100,118,水工建筑用地,530702201207,光乐村民委员会,30,86,16,530702201207,光乐村民委员会,,,,100.3708545,26.81090999
247,232101,2001030100,202,建制镇,530702201207,光乐村民委员会,20,3,60,530702201207,光乐村民委员会,,,,100.360414,26.82082956
248,232102,2001030100,118,水工建筑用地,530702201207,光乐村民委员会,30,110,16,530702201207,光乐村民委员会,,,,100.3711887,26.80827278
249,232103,2001030100,118,水工建筑用地,530702201207,光乐村民委员会,30,110,16,530702201207,光乐村民委员会,,,,100.3706001,26.80784276
250,232104,2001030100,118,水工建筑用地,530702201207,光乐村民委员会,30,110,16,530702201207,光乐村民委员会,,,,100.3713001,26.80776922
251,232105,2001030100,118,水工建筑用地,530702201207,光乐村民委员会,30,155,40,530702201207,光乐村民委员会,,,,100.3734355,26.80659553
252,232106,2001030100,118,水工建筑用地,530702201207,光乐村民委员会,30,160,16,530702201207,光乐村民委员会,,,,100.3696101,26.80603085
253,232107,2001030100,118,水工建筑用地,530702201207,光乐村民委员会,30,137,16,530702201207,光乐村民委员会,,,,100.3710156,26.8069197
254,232108,2001030100,118,水工建筑用地,530702201207,光乐村民委员会,30,131,16,530702201207,光乐村民委员会,,,,100.3718367,26.80765816
255,232109,2001030100,118,水工建筑用地,530702201204,三古村民委员会,30,129,33,530702201204,三古村民委员会,,,,100.4336868,26.84583233
256,232110,2001030100,118,水工建筑用地,530702201204,三古村民委员会,30,201,13,530702201204,三古村民委员会,,,,100.4301873,26.8403878
257,232111,2001030100,118,水工建筑用地,530702201204,三古村民委员会,30,241,13,530702201204,三古村民委员会,,,,100.4302492,26.83779721
258,232112,2001030100,118,水工建筑用地,530702201204,三古村民委员会,30,245,33,530702201204,三古村民委员会,,,,100.4290943,26.83625152
259,232113,2001030100,118,水工建筑用地,530702201204,三古村民委员会,30,266,33,530702201204,三古村民委员会,,,,100.425608,26.83636259
260,232114,2001030100,118,水工建筑用地,530702201204,三古村民委员会,30,225,13,530702201204,三古村民委员会,,,,100.4256708,26.83689791
261,232115,2001030100,118,水工建筑用地,530702201204,三古村民委员会,30,242,7,530702201204,三古村民委员会,,,,100.4248854,26.83737765
262,232116,2001030100,118,水工建筑用地,530702201204,三古村民委员会,30,237,33,530702201204,三古村民委员会,,,,100.4249898,26.8379721
263,232117,2001030100,118,水工建筑用地,530702201204,三古村民委员会,30,280,7,530702201204,三古村民委员会,,,,100.423374,26.83570917
264,231809,2001030100,118,水工建筑用地,530702004204,开文社区居委会,30,541,6.7,530702004204,开文社区居委会,,,,100.1996296,26.91540202
265,232054,2001030100,118,水工建筑用地,530702201206,义新村民委员会,30,172,20,530702201206,义新村民委员会,,,,100.3827017,26.81856197
266,232055,2001030100,118,水工建筑用地,530702201206,义新村民委员会,30,226,12,530702201206,义新村民委员会,,,,100.3868103,26.81361551
267,232056,2001030100,118,水工建筑用地,530702201207,光乐村民委员会,30,145,16,530702201207,光乐村民委员会,,,,100.3775525,26.80498562
268,232057,2001030100,118,水工建筑用地,530702201207,光乐村民委员会,30,145,16,530702201207,光乐村民委员会,,,,100.3779935,26.804921
269,232058,2001030100,118,水工建筑用地,530702201207,光乐村民委员会,30,145,12,530702201207,光乐村民委员会,,,,100.3773001,26.80396251
270,232059,2001030100,118,水工建筑用地,530702201207,光乐村民委员会,30,208,16,530702201207,光乐村民委员会,,,,100.3811449,26.80264097
271,232061,2001030100,118,水工建筑用地,530702201204,三古村民委员会,30,279,16,530702201204,三古村民委员会,,,,100.4210917,26.83312502
272,231985,2001030100,118,水工建筑用地,530702006203,开南街道办事处良美社区居委会,30,1268,36,530702006203,,,,,100.2993442,26.82397846
273,231976,2001030100,118,水工建筑用地,530702007202,文化街道办事处岩乐社区居委会,30,278,40,530702007202,,,,,100.3815867,26.9432531
274,231977,2001030100,118,水工建筑用地,530702007202,文化街道办事处岩乐社区居委会,30,307,60,530702007202,,,,,100.3841026,26.94195487
275,231978,2001030100,118,水工建筑用地,530702007202,文化街道办事处岩乐社区居委会,30,300,30,530702007202,,,,,100.3862202,26.94014817
276,232072,2001030100,203,村庄,530702201205,增明村民委员会,30,460,10,530702201205,增明村民委员会,,,,100.4160048,26.80041379
277,232075,2001030100,118,水工建筑用地,530702201205,增明村民委员会,30,418,16,530702201205,增明村民委员会,,,,100.4229723,26.80358321
278,232076,2001030100,118,水工建筑用地,530702201205,增明村民委员会,30,427,30,530702201205,增明村民委员会,,,,100.4231445,26.80261997
279,232078,2001030100,118,水工建筑用地,530702201205,增明村民委员会,30,420,20,530702201205,增明村民委员会,,,,100.4287794,26.80362047
280,232080,2001030100,118,水工建筑用地,530702201205,增明村民委员会,30,422,100,530702201205,增明村民委员会,,,,100.427396,26.80383654
281,232081,2001030100,203,村庄,530702201205,增明村民委员会,30,420,12,530702201205,增明村民委员会,,,,100.4283226,26.80271806
282,232082,2001030100,118,水工建筑用地,530702201205,增明村民委员会,30,420,16,530702201205,增明村民委员会,,,,100.4287101,26.80219146
283,232083,2001030100,118,水工建筑用地,530702201205,增明村民委员会,30,460,16,530702201205,增明村民委员会,,,,100.4190133,26.80056817
284,232118,2001030100,118,水工建筑用地,530702201204,三古村民委员会,30,217,33,530702201204,三古村民委员会,,,,100.4253966,26.83921208
285,232119,2001030100,118,水工建筑用地,530702201204,三古村民委员会,30,200,20,530702201204,三古村民委员会,,,,100.4261798,26.83979627
286,232120,2001030100,118,水工建筑用地,530702201204,三古村民委员会,30,200,7,530702201204,三古村民委员会,,,,100.4262545,26.84012545
287,232121,2001030100,118,水工建筑用地,530702201202,龙兴村民委员会,30,222,13,530702201202,龙兴村民委员会,,,,100.3924731,26.86211991
288,232122,2001030100,202,建制镇,530702201202,龙兴村民委员会,20,196,13,530702201202,龙兴村民委员会,,,,100.3952878,26.86252347
289,232123,2001030100,202,建制镇,530702201202,龙兴村民委员会,20,289,13,530702201202,龙兴村民委员会,,,,100.3960302,26.85585036
290,232124,2001030100,118,水工建筑用地,530702201204,三古村民委员会,30,84,33,530702201204,三古村民委员会,,,,100.4245106,26.851519
291,232126,2001030100,118,水工建筑用地,530702201201,龙山村民委员会,30,877,13,530702201201,龙山村民委员会,,,,100.3544321,26.85817351
292,231824,2001030100,118,水工建筑用地,530702001207,文智社区居委会,30,631,16,530702001207,文智社区居委会,,,,100.2541117,26.88658103
293,231825,2001030100,118,水工建筑用地,530702202204,三义村民委员会,30,438,25,530702202204,三义村民委员会,,,,100.2624963,26.68039165
294,231826,2001030100,118,水工建筑用地,530702202204,三义村民委员会,30,425,25,530702202204,三义村民委员会,,,,100.2605614,26.6810271
295,231827,2001030100,118,水工建筑用地,530702202204,三义村民委员会,30,446,25,530702202204,三义村民委员会,,,,100.2590237,26.68089721
296,231828,2001030100,118,水工建筑用地,530702202204,三义村民委员会,30,445,25,530702202204,三义村民委员会,,,,100.258914,26.67986036
297,231829,2001030100,118,水工建筑用地,530702202204,三义村民委员会,30,445,25,530702202204,三义村民委员会,,,,100.2571925,26.67977623
298,231830,2001030100,118,水工建筑用地,530702202204,三义村民委员会,30,446,25,530702202204,三义村民委员会,,,,100.2602165,26.67983777
299,231841,2001030100,118,水工建筑用地,530702202204,三义村民委员会,30,645,25,530702202204,三义村民委员会,,,,100.2570481,26.67332975
300,231842,2001030100,118,水工建筑用地,530702202204,三义村民委员会,30,663,25,530702202204,三义村民委员会,,,,100.2583052,26.67253473
301,231843,2001030100,118,水工建筑用地,530702202204,三义村民委员会,30,681,25,530702202204,三义村民委员会,,,,100.2564684,26.67202103
302,231844,2001030100,118,水工建筑用地,530702202204,三义村民委员会,30,671,25,530702202204,三义村民委员会,,,,100.255831,26.67217019
303,231845,2001030100,118,水工建筑用地,530702202204,三义村民委员会,30,554,25,530702202204,三义村民委员会,,,,100.2551298,26.67659267
304,231846,2001030100,118,水工建筑用地,530702202204,三义村民委员会,30,734,25,530702202204,三义村民委员会,,,,100.2619076,26.67024391
305,231847,2001030100,118,水工建筑用地,530702202204,三义村民委员会,30,734,25,530702202204,三义村民委员会,,,,100.2601422,26.66853523
306,232003,2001030100,203,村庄,530702002201,祥云社区居委会,30,164,50,530702002201,祥云社区居委会,,,,100.2342279,26.85010072
307,232161,2001030100,118,水工建筑用地,530702202203,七河村民委员会,30,58,20,530702202203,七河村民委员会,,,,100.2674711,26.71915873
308,231855,2001030100,205,风景名胜及特殊用地,530702202204,三义村民委员会,30,991,16,530702202204,,,,,100.2506635,26.6847887
309,232001,2001030100,202,建制镇,530702002202,八河社区居委会,20,279,16,530702002202,,,,,100.2424076,26.86173142
310,231979,2001030100,118,水工建筑用地,530702007202,文化街道办事处岩乐社区居委会,30,307,60,530702007202,,,,,100.3843625,26.94050309
311,231957,2001030100,203,村庄,530702007203,文化街道办事处东江社区居委会,30,236,8,530702007203,,,,,100.4332702,26.98383181
312,231963,2001030100,202,建制镇,530702007203,文化街道办事处东江社区居委会,20,160,40,530702007203,,,,,100.4159967,26.98782304
313,231964,2001030100,203,村庄,530702007203,文化街道办事处东江社区居委会,30,213,40,530702007203,,,,,100.4132732,26.98453877
314,231965,2001030100,203,村庄,530702007203,文化街道办事处东江社区居委会,30,222,20,530702007203,,,,,100.4093804,26.98417086
315,231966,2001030100,118,水工建筑用地,530702007203,文化街道办事处东江社区居委会,30,158,20,530702007203,,,,,100.4064492,26.988553
316,231967,2001030100,118,水工建筑用地,530702007203,文化街道办事处东江社区居委会,30,168,20,530702007203,,,,,100.4059837,26.98691285
317,231968,2001030100,205,风景名胜及特殊用地,530702007201,文化街道办事处文化社区居委会,30,507,66,530702007201,,,,,100.3692352,26.97247267
318,231969,2001030100,202,建制镇,530702007201,文化街道办事处文化社区居委会,20,515,66,530702007201,,,,,100.3732249,26.97284588
319,231970,2001030100,202,建制镇,530702007201,文化街道办事处文化社区居委会,20,515,66,530702007201,,,,,100.3722707,26.97194665
320,232129,2001030100,118,水工建筑用地,530702201201,龙山村民委员会,30,924,13,530702201201,,,,,100.3572772,26.85512022
321,232140,2001030100,118,水工建筑用地,530702202201,共和村民委员会,30,805,16,530702202201,,,,,100.2505771,26.74449648
322,232002,2001030100,203,村庄,530702002202,八河社区居委会,30,424,100,530702002202,,,,,100.2481483,26.85765082
323,231971,2001030100,205,风景名胜及特殊用地,530702007201,文化街道办事处文化社区居委会,30,1551,66,530702007201,,,,,100.3455047,26.9594578
324,231981,2001030100,205,风景名胜及特殊用地,530702007201,文化街道办事处文化社区居委会,30,1551,66,530702007201,,,,,100.3455022,26.95945241
325,232142,2001030100,205,风景名胜及特殊用地,530702202201,共和村民委员会,30,1858,70,530702202201,,,,,100.2670807,26.74578916
326,232150,2001030100,118,水工建筑用地,530702202201,共和村民委员会,30,1850,20,530702202201,,,,,100.2730699,26.73236221
327,231822,2001030100,118,水工建筑用地,530702001207,文智社区居委会,30,480,16,530702001207,,,,,100.2552949,26.88739602
328,231821,2001030100,118,水工建筑用地,530702001207,文智社区居委会,30,517,16,530702001207,,,,,100.2554223,26.88782931
329,232249,2001030100,202,建制镇,530702202208,羊见村民委员会,10,280,320,530702202208,,,,,100.3434641,26.7709689
330,232250,2001030100,202,建制镇,530702202208,羊见村民委员会,10,280,320,530702202208,,,,,100.3377325,26.76829323
331,232248,2001030100,202,建制镇,530702202208,羊见村民委员会,10,280,320,530702202208,,,,,100.3465558,26.77243129
332,232046,2001030100,118,水工建筑用地,530702201206,义新村民委员会,30,33,16,530702201206,,,,,100.392051,26.83172672
333,232159,2001030100,118,水工建筑用地,530702202203,七河村民委员会,30,22,20,530702202203,,,,,100.2659085,26.71931117
334,231831,2001030100,118,水工建筑用地,530702202204,三义村民委员会,30,475,25,530702202204,,,,,100.2609568,26.67898107
335,231991,2001030100,202,建制镇,530702005202,金山街道办事处新团社区居委会,20,3359,64,530702005202,,,,,100.2935324,26.87284979
336,231948,2001030100,205,风景名胜及特殊用地,530702002201,祥云社区居委会,30,861,100,530702002201,,,,,100.2303746,26.84695942
337,231819,2001030100,202,建制镇,530702004203,中济社区居委会,20,1248,66.7,530702004203,,,,,100.1997152,26.89283458
338,231810,2001030100,205,风景名胜及特殊用地,530702005202,金山街道办事处新团社区居委会,30,3390,20,530702005202,,,,,100.3026135,26.91259859
339,231808,2001030100,205,风景名胜及特殊用地,530702004202,龙泉社区居委会,20,1629,66.7,530702004202,,,,,100.1899636,26.91657916
340,231974,2001030100,204,采矿用地,530702007201,文化街道办事处文化社区居委会,20,2065,66,530702007201,,,,,100.3667133,26.98805112
341,231935,2001030100,118,水工建筑用地,530702205202,罗玄村民委员会,30,483,20,530702205202,,,,,100.3849876,26.5911837
342,231836,2001030100,118,水工建筑用地,530702202204,三义村民委员会,30,1239,25,530702202204,,,,,100.2574001,26.67629658
343,231833,2001030100,118,水工建筑用地,530702202204,三义村民委员会,30,1238,25,530702202204,,,,,100.260031,26.6786139
344,232138,2001030100,118,水工建筑用地,530702201201,龙山村民委员会,30,624,13,530702201201,,,,,100.3664243,26.87088082
345,232216,2001030100,118,水工建筑用地,530702202201,共和村民委员会,30,498,16,530702202201,,,,,100.2533222,26.75425404
346,232125,2001030100,118,水工建筑用地,530702201201,龙山村民委员会,30,857,13,530702201201,,,,,100.3617836,26.86091489
347,232128,2001030100,118,水工建筑用地,530702201201,龙山村民委员会,30,879,33,530702201201,,,,,100.3627234,26.85664967
348,232049,2001030100,118,水工建筑用地,530702201206,义新村民委员会,30,53,16,530702201206,,,,,100.3878129,26.8282854
349,232048,2001030100,118,水工建筑用地,530702201206,义新村民委员会,30,50,16,530702201206,,,,,100.3888834,26.82837917
350,232047,2001030100,118,水工建筑用地,530702201206,义新村民委员会,30,48,16,530702201206,,,,,100.388168,26.82976269
351,232227,2001030100,202,建制镇,530702201205,增明村民委员会,10,593,320,530702201205,,,,,100.4336178,26.79851748
352,232228,2001030100,202,建制镇,530702201205,增明村民委员会,10,593,320,530702201205,,,,,100.4288298,26.79846144
353,232017,2001030100,205,风景名胜及特殊用地,530702205204,金江村民委员会,30,1005,40,530702205204,,,,,100.4072116,26.64815566
354,232015,2001030100,118,水工建筑用地,530702205204,金江村民委员会,30,965,30,530702205204,,,,,100.3969497,26.65878647
355,232139,2001030100,118,水工建筑用地,530702202202,新民村民委员会,30,743,28,530702202202,,,,,100.2416224,26.71010877
356,232167,2001030100,118,水工建筑用地,530702202203,七河村民委员会,30,989,20,530702202203,,,,,100.2643784,26.70898544
357,231835,2001030100,118,水工建筑用地,530702202204,三义村民委员会,30,587,25,530702202204,,,,,100.2608996,26.67601164
358,231837,2001030100,118,水工建筑用地,530702202204,三义村民委员会,30,1151,25,530702202204,,,,,100.2612698,26.67503677
359,231838,2001030100,118,水工建筑用地,530702202204,三义村民委员会,30,1151,25,530702202204,,,,,100.2601475,26.67467134
360,231927,2001030100,118,水工建筑用地,530702005202,金山街道办事处新团社区居委会,30,1315,40,530702005202,,,,,100.301544,26.88580268
361,231928,2001030100,203,村庄,530702005202,金山街道办事处新团社区居委会,30,1315,60,530702005202,,,,,100.3015043,26.88526613
362,231936,2001030100,118,水工建筑用地,530702205202,罗玄村民委员会,30,182,50,530702205202,,,,,100.3883639,26.58929967
363,231997,2001030100,118,水工建筑用地,530702001206,义尚社区居委会,30,286,16,530702001206,,,,,100.245933,26.88424648
364,232183,2001030100,118,水工建筑用地,530702202205,五峰村民委员会,30,373,16,530702202205,,,,,100.2494037,26.65605836
365,231834,2001030100,118,水工建筑用地,530702202204,三义村民委员会,30,551,25,530702202204,,,,,100.259774,26.6775894
366,231839,2001030100,118,水工建筑用地,530702202204,三义村民委员会,30,583,25,530702202204,,,,,100.2574083,26.67479497
367,231854,2001030100,118,水工建筑用地,530702202204,三义村民委员会,30,692,25,530702202204,,,,,100.2573441,26.67060085
368,231994,2001030100,205,风景名胜及特殊用地,530702004202,龙泉社区居委会,20,467,66.7,530702004202,,,,,100.1887613,26.91618772
369,232033,2001030100,202,建制镇,530702205202,罗玄村民委员会,20,203,64,530702205202,,,,,100.3868305,26.58569777
370,232169,2001030100,205,风景名胜及特殊用地,530702202201,共和村民委员会,30,1387,100,530702202201,,,,,100.2556671,26.73011602
371,232027,2001030100,118,水工建筑用地,530702205203,江边村民委员会,30,139,70,530702205203,,,,,100.4152707,26.60210314
372,232226,2001030100,202,建制镇,530702004204,开文社区居委会,20,867,66.7,530702004204,,,,,100.2204135,26.90572394
373,232218,2001030100,118,水工建筑用地,530702202201,共和村民委员会,30,1816,66,530702202201,,,,,100.2744592,26.76142727
374,231952,2001030100,202,建制镇,530702004204,开文社区居委会,20,1371,64,530702004204,,,,,100.23947,26.91592563
375,231815,2001030100,118,水工建筑用地,530702005202,金山街道办事处新团社区居委会,30,3062,90,530702005202,,,,,100.287041,26.90624158
376,231995,2001030100,118,水工建筑用地,530702001206,义尚社区居委会,30,281,16,530702001206,,,,,100.2477752,26.88469358
377,231996,2001030100,118,水工建筑用地,530702001206,义尚社区居委会,30,281,16,530702001206,,,,,100.248521,26.88463552
378,231875,2001030100,114,坑塘水面,530702006201,开南街道办事处漾西社区居委会,30,4007,66,530702006201,,,,,100.2796096,26.77323055
379,232149,2001030100,118,水工建筑用地,530702202201,共和村民委员会,30,1063,70,530702202201,,,,,100.2707201,26.73800795
380,232237,2001030100,202,建制镇,530702202208,羊见村民委员会,10,11,320,530702202208,,,,,100.3904149,26.7916537
381,232236,2001030100,202,建制镇,530702202208,羊见村民委员会,10,11,320,530702202208,,,,,100.3939889,26.7930357
382,232032,2001030100,118,水工建筑用地,530702205204,金江村民委员会,30,138,30,530702205204,,,,,100.3928877,26.681143
383,232244,2001030100,202,建制镇,530702202208,羊见村民委员会,10,143,320,530702202208,,,,,100.3642674,26.78040674
384,232243,2001030100,202,建制镇,530702202208,羊见村民委员会,10,150,320,530702202208,,,,,100.3660911,26.78141845
385,231816,2001030100,205,风景名胜及特殊用地,530702005202,金山街道办事处新团社区居委会,30,2072,20,530702005202,,,,,100.2897122,26.90165858
386,231903,2001030100,118,水工建筑用地,530702203202,建新村民委员会,30,324,7,530702203202,,,,,100.4188183,27.10707927
387,232018,2001030100,118,水工建筑用地,530702205204,金江村民委员会,30,386,4,530702205204,,,,,100.4041418,26.64422271
388,232233,2001030100,202,建制镇,530702201205,增明村民委员会,10,474,320,530702201205,,,,,100.4023786,26.79944181
389,231947,2001030100,205,风景名胜及特殊用地,530702002201,祥云社区居委会,30,491,100,530702002201,,,,,100.2295766,26.84280671
390,231946,2001030100,118,水工建筑用地,530702002201,祥云社区居委会,30,491,100,530702002201,,,,,100.2303043,26.84263199
391,232235,2001030100,202,建制镇,530702202208,羊见村民委员会,10,5,320,530702202208,,,,,100.3973204,26.79497193
392,232234,2001030100,202,建制镇,530702202208,羊见村民委员会,10,5,320,530702202208,,,,,100.3983112,26.79579751
393,232022,2001030100,202,建制镇,530702205204,金江村民委员会,20,500,64,530702205204,,,,,100.3879341,26.63604447
394,232188,2001030100,118,水工建筑用地,530702202202,新民村民委员会,30,650,28,530702202202,,,,,100.2346507,26.70733425
395,231988,2001030100,205,风景名胜及特殊用地,530702006202,开南街道办事处贵峰社区居委会,30,905,7,530702006202,,,,,100.2990102,26.79699947
396,231888,2001030100,205,风景名胜及特殊用地,530702202208,羊见村民委员会,30,91,16,530702202208,,,,,100.3598507,26.782042
397,231896,2001030100,114,坑塘水面,530702203203,白水村民委员会,30,990,7,530702203203,,,,,100.4246783,27.17346153
398,232014,2001030100,205,风景名胜及特殊用地,530702205204,金江村民委员会,20,204,30,530702205204,,,,,100.395661,26.65730615
399,231910,2001030100,205,风景名胜及特殊用地,530702203201,大东村民委员会,30,501,200,530702203201,,,,,100.4151645,27.15276503
400,231811,2001030100,118,水工建筑用地,530702005202,金山街道办事处新团社区居委会,30,3133,40,530702005202,,,,,100.290209,26.9113707
401,231980,2001030100,118,水工建筑用地,530702007201,文化街道办事处文化社区居委会,30,2016,12,530702007201,,,,,100.3796236,26.9747499
402,231959,2001030100,118,水工建筑用地,530702007203,文化街道办事处东江社区居委会,30,902,30,530702007203,,,,,100.4290097,26.9827723
403,232166,2001030100,118,水工建筑用地,530702202203,七河村民委员会,30,939,20,530702202203,,,,,100.2625859,26.71081873
404,232229,2001030100,202,建制镇,530702201205,增明村民委员会,10,673,320,530702201205,,,,,100.4262142,26.79932315
405,232039,2001030100,118,水工建筑用地,530702201205,增明村民委员会,30,673,20,530702201205,,,,,100.434266,26.80922852
406,232041,2001030100,202,建制镇,530702201205,增明村民委员会,20,673,30,530702201205,,,,,100.4339919,26.80762314
407,232042,2001030100,202,建制镇,530702201205,增明村民委员会,20,673,30,530702201205,,,,,100.434553,26.80753463
408,232077,2001030100,203,村庄,530702201205,增明村民委员会,30,673,12,530702201205,,,,,100.4286219,26.80003833
409,231893,2001030100,114,坑塘水面,530702203203,白水村民委员会,30,1422,7,530702203203,,,,,100.4206567,27.16940191
410,232045,2001030100,203,村庄,530702201205,增明村民委员会,30,681,12,530702201205,,,,,100.4161159,26.81046589
411,231817,2001030100,118,水工建筑用地,530702003206,清溪社区居委会,30,121,60,530702003206,,,,,100.2353096,26.90363081
412,231929,2001030100,118,水工建筑用地,530702005202,金山街道办事处新团社区居委会,30,1257,30,530702005202,,,,,100.301282,26.88467972
413,231998,2001030100,118,水工建筑用地,530702001206,义尚社区居委会,30,13,16,530702001206,,,,,100.2467182,26.88385342
414,232034,2001030100,118,水工建筑用地,530702201205,增明村民委员会,30,157,16,530702201205,,,,,100.4319639,26.81561343
415,231975,2001030100,202,建制镇,530702007202,文化街道办事处岩乐社区居委会,20,173,16,530702007202,,,,,100.3867286,26.94872934
416,232000,2001030100,202,建制镇,530702002202,八河社区居委会,20,19,16,530702002202,,,,,100.2421969,26.86215817
417,232043,2001030100,118,水工建筑用地,530702201205,增明村民委员会,30,195,60,530702201205,,,,,100.419059,26.81513116
418,232044,2001030100,118,水工建筑用地,530702201205,增明村民委员会,30,195,20,530702201205,,,,,100.4206451,26.81503614
419,231901,2001030100,118,水工建筑用地,530702203203,白水村民委员会,30,198,13,530702203203,,,,,100.406407,27.19061498
420,231886,2001030100,118,水工建筑用地,530702202207,龙潭村民委员会,30,257,28,530702202207,,,,,100.3379363,26.75242151
421,231950,2001030100,118,水工建筑用地,530702202209,前山村民委员会,30,324,40,530702202209,,,,,100.198738,26.71618626
422,231961,2001030100,118,水工建筑用地,530702007203,文化街道办事处东江社区居委会,30,340,16,530702007203,,,,,100.4361611,26.97828042
423,232079,2001030100,118,水工建筑用地,530702201205,增明村民委员会,30,388,12,530702201205,,,,,100.4276747,26.80395811
424,232062,2001030100,118,水工建筑用地,530702201205,增明村民委员会,30,390,60,530702201205,,,,,100.4221765,26.8060858
425,232063,2001030100,202,建制镇,530702201205,增明村民委员会,20,390,40,530702201205,,,,,100.4217799,26.80575872
426,232064,2001030100,202,建制镇,530702201205,增明村民委员会,20,390,40,530702201205,,,,,100.4211175,26.80551179
427,232232,2001030100,202,建制镇,530702201205,增明村民委员会,10,414,320,530702201205,,,,,100.4047157,26.80159654
428,232060,2001030100,118,水工建筑用地,530702201205,增明村民委员会,30,414,20,530702201205,,,,,100.3986427,26.7976862
429,231960,2001030100,118,水工建筑用地,530702007203,文化街道办事处东江社区居委会,30,595,20,530702007203,,,,,100.4346353,26.98042024
430,231892,2001030100,118,水工建筑用地,530702203203,白水村民委员会,30,752,7,530702203203,,,,,100.3902611,27.180404
431,231973,2001030100,114,坑塘水面,530702007201,文化街道办事处文化社区居委会,30,925,16,530702007201,,,,,100.3716875,26.95689246
432,231813,2001030100,118,水工建筑用地,530702005202,金山街道办事处新团社区居委会,30,3067,60,530702005202,,,,,100.2890738,26.90917598
433,231840,2001030100,118,水工建筑用地,530702202204,三义村民委员会,30,629,25,530702202204,,,,,100.258847,26.67487056
434,231962,2001030100,118,水工建筑用地,530702007203,文化街道办事处东江社区居委会,30,348,10,530702007203,,,,,100.4351769,26.97830286
435,231958,2001030100,118,水工建筑用地,530702007203,文化街道办事处东江社区居委会,30,603,20,530702007203,,,,,100.4305289,26.98365102
436,231877,2001030100,118,水工建筑用地,530702202207,龙潭村民委员会,30,90,28,530702202207,,,,,100.3209477,26.75829912
437,231879,2001030100,118,水工建筑用地,530702202207,龙潭村民委员会,30,90,28,530702202207,,,,,100.3227516,26.75925011
438,231878,2001030100,118,水工建筑用地,530702202207,龙潭村民委员会,30,90,28,530702202207,,,,,100.3225899,26.75844161
439,232141,2001030100,118,水工建筑用地,530702202201,共和村民委员会,30,1791,28,530702202201,,,,,100.2508202,26.74447385
440,231989,2001030100,43,其他草地,530702006202,开南街道办事处贵峰社区居委会,30,982,67,530702006202,,,,,100.293042,26.79597083
441,232155,2001030100,205,风景名胜及特殊用地,530702202201,共和村民委员会,30,1535,100,530702202201,,,,,100.2621496,26.72560451
442,232154,2001030100,118,水工建筑用地,530702202201,共和村民委员会,30,1535,20,530702202201,,,,,100.2628126,26.7242653
443,232152,2001030100,118,水工建筑用地,530702202201,共和村民委员会,30,1181,16,530702202201,,,,,100.2653341,26.73463782
444,232192,2001030100,118,水工建筑用地,530702202202,新民村民委员会,30,442,28,530702202202,,,,,100.2343018,26.70245834
445,232190,2001030100,118,水工建筑用地,530702202202,新民村民委员会,30,699,28,530702202202,,,,,100.2267418,26.70602917
446,232074,2001030100,203,村庄,530702201205,增明村民委员会,30,423,20,530702201205,,,,,100.4115519,26.80249499
447,232231,2001030100,202,建制镇,530702201205,增明村民委员会,10,423,320,530702201205,,,,,100.4142132,26.80205396
448,232073,2001030100,203,村庄,530702201205,增明村民委员会,30,423,20,530702201205,,,,,100.4117963,26.80194838
449,232067,2001030100,118,水工建筑用地,530702201205,增明村民委员会,30,355,20,530702201205,,,,,100.4218526,26.80843463
450,232065,2001030100,203,村庄,530702201205,增明村民委员会,30,355,12,530702201205,,,,,100.421371,26.808848
451,232071,2001030100,118,水工建筑用地,530702201205,增明村民委员会,30,378,16,530702201205,,,,,100.4163602,26.80611591
452,232066,2001030100,118,水工建筑用地,530702201205,增明村民委员会,30,363,20,530702201205,,,,,100.4223329,26.80792265
453,232069,2001030100,203,村庄,530702201205,增明村民委员会,30,382,12,530702201205,,,,,100.418981,26.80477249
454,232068,2001030100,203,村庄,530702201205,增明村民委员会,30,382,12,530702201205,,,,,100.4184034,26.80566579
455,232070,2001030100,203,村庄,530702201205,增明村民委员会,30,402,12,530702201205,,,,,100.4170861,26.80451675
